jdobs,filter,seeing,gain,zp,ezp,programid,fieldid,ccdid,qid,filterid,moonra,moondec,moonillf,moonphase,airmass,nbadbkg,bkgstd,bkgmed,diffimgname,psfimgname,Fmcmc,Fmcmc_unc,Fratio,Fratio_unc,jdref_start,jdref_end,fcqfid,mag,mag_unc,limmag
2458131.583912,b'g',2.12,8.46581555625849,26.0,1.71289e-05,0.0,554.0,3.0,1.0,1.0,247.9066116,-17.4104674,-0.1380641,223.6249237,1.0,0.0,7.965524132251739,-0.3193042278289795,ztf_20180113083461_000554_zg_c03_o_q1_scimrefdiffimg.fits,b'ztf_20180113083461_000554_zg_c03_o_q1_diffimgpsf.fits',-32.52008045625337,30.138741457401515,-1.2946477216611102e-09,1.199844908738793e-09,2458304.9641272104,2458363.905018264,5540311.0,0.0,0.0,20.554762206607347
2458131.6046412,b'g',2.516,8.86713937071512,26.0,1.52778e-05,0.0,554.0,3.0,1.0,1.0,248.2365791,-17.4375905,-0.1367194,223.401123,1.0,0.0,6.288521646308899,-1.0171115398406982,ztf_20180113104213_000554_zg_c03_o_q1_scimrefdiffimg.fits,b'ztf_20180113104213_000554_zg_c03_o_q1_diffimgpsf.fits',4.570955885180541,26.159484361971472,1.8197303141740802e-10,1.0414278302514392e-09,2458304.9641272104,2458363.905018264,5540311.0,0.0,0.0,20.708502041111487
2458131.6251389,b'g',2.854,8.5876869787728,26.0,2.08526e-05,0.0,554.0,3.0,1.0,1.0,248.5698156,-17.4668826,-0.1353801,223.1773071,1.0,0.0,5.7698746078491165,-0.9834293127059937,ztf_20180113125058_000554_zg_c03_o_q1_scimrefdiffimg.fits,b'ztf_20180113125058_000554_zg_c03_o_q1_diffimgpsf.fits',-22.07686579732649,26.227808388285183,-8.78895857726292e-10,1.0441478588643928e-09,2458304.9641272104,2458363.905018264,5540311.0,0.0,0.0,20.705669983533404
2458131.6498611,b'g',2.283,7.93279012419635,26.0,1.62319e-05,0.0,554.0,3.0,1.0,1.0,248.9791268,-17.5057984,-0.1337555,222.904541,1.1,0.0,7.4296061830997475,-0.6929490566253662,ztf_20180113149861_000554_zg_c03_o_q1_scimrefdiffimg.fits,b'ztf_20180113149861_000554_zg_c03_o_q1_diffimgpsf.fits',-21.006553797954403,29.43178849845608,-8.362859695583442e-10,1.1717006044116346e-09,2458304.9641272104,2458363.905018264,5540311.0,0.0,0.0,20.58053335428662
2458131.671331,b'g',2.614,6.734512023331,26.0,1.88008e-05,0.0,554.0,3.0,1.0,1.0,249.3394338,-17.543002,-0.1323873,222.6737366,1.1,0.0,7.0850260409355155,0.12930649518966675,ztf_20180113171331_000554_zg_c03_o_q1_scimrefdiffimg.fits,b'ztf_20180113171331_000554_zg_c03_o_q1_diffimgpsf.fits',-0.11137572338523682,31.0069615218216,-4.433947410524558e-12,1.2344093718913573e-09,2458304.9641272104,2458363.905018264,5540311.0,0.0,0.0,20.52392696335702
2458131.7106134,b'g',3.04,7.00244107091483,26.0,2.87158e-05,0.0,554.0,3.0,1.0,1.0,250.0047682,-17.6197371,-0.1298739,222.2470856,1.3,0.0,7.463423777532578,-0.5931103229522705,ztf_20180113210602_000554_zg_c03_o_q1_scimrefdiffimg.fits,b'ztf_20180113210602_000554_zg_c03_o_q1_diffimgpsf.fits',3.1551102921507157,35.03220628393055,1.2560720311923386e-10,1.3946572521981592e-09,2458304.9641272104,2458363.905018264,5540311.0,0.0,0.0,20.391406265419914
2458132.6473611,b'g',1.978,8.80626739877547,26.0,1.37337e-05,0.0,554.0,3.0,1.0,1.0,261.123695,-19.2478672,-0.0764003,212.091629,1.1,0.0,6.731746975183487,-0.24393540620803833,ztf_20180114147361_000554_zg_c03_o_q1_scimrefdiffimg.fits,b'ztf_20180114147361_000554_zg_c03_o_q1_diffimgpsf.fits',-37.69733536308124,24.569548441817723,-1.5007579518802552e-09,9.781313413791264e-10,2458304.9641272104,2458363.905018264,5540311.0,0.0,0.0,20.776582052072424
2458132.6674537,b'g',2.358,8.74160985913171,26.0,1.35631e-05,0.0,554.0,3.0,1.0,1.0,261.4583887,-19.2603672,-0.0753981,211.8748169,1.1,0.0,6.64131008234024,-0.6565617322921753,ztf_20180114167442_000554_zg_c03_o_q1_scimrefdiffimg.fits,b'ztf_20180114167442_000554_zg_c03_o_q1_diffimgpsf.fits',12.813318742730017,26.90222125743125,5.101074070068338e-10,1.0709967186589667e-09,2458304.9641272104,2458363.905018264,5540311.0,0.0,0.0,20.678104638575384
2458132.7067708,b'g',2.406,8.40991498964004,26.0,1.32277e-05,0.0,554.0,3.0,1.0,1.0,262.1261137,-19.2934528,-0.0734756,211.4551697,1.3,0.0,6.9755113673210145,-0.9415390491485596,ztf_20180114206771_000554_zg_c03_o_q1_scimrefdiffimg.fits,b'ztf_20180114206771_000554_zg_c03_o_q1_diffimgpsf.fits',-26.547042894606967,27.444958323146007,-1.0568568133334296e-09,1.0926034704744984e-09,2458304.9641272104,2458363.905018264,5540311.0,0.0,0.0,20.656418550046304
2458355.9963426,b'r',2.063,6.2,26.246345,1.0207e-05,3.0,554.0,3.0,1.0,2.0,323.408,-16.1833,0.991108,10.8219,1.041,0.0,7.901309609985351,0.3735921382904053,ztf_20180825496331_000554_zr_c03_o_q1_scimrefdiffimg.fits,b'ztf_20180825496331_000554_zr_c03_o_q1_diffimgpsf.fits',-12.672239164682715,27.766866388888978,-4.020826752366422e-10,8.810262950056291e-10,2458312.9458906366,2458354.9970970717,5540312.0,0.0,0.0,20.89010281289309
2458356.9321181,b'r',2.061,6.2,26.237805,1.24977e-05,3.0,554.0,3.0,1.0,2.0,334.882,-13.309,0.999982,0.484569,1.077,0.0,12.379456494092942,-0.8553267121315002,ztf_20180826432118_000554_zr_c03_o_q1_scimrefdiffimg.fits,b'ztf_20180826432118_000554_zr_c03_o_q1_diffimgpsf.fits',-42.52164867310475,46.48049446995907,-1.359840886083128e-09,1.4864446408234828e-09,2458312.9458906366,2458354.9970970717,5540312.0,0.0,0.0,20.322203140276578
2458356.9964583,b'r',1.949,6.2,26.269495,1.10061e-05,3.0,554.0,3.0,1.0,2.0,335.449,-13.0338,-0.999996,359.764,1.042,0.0,11.647228084945676,-0.24337852001190186,ztf_20180826496458_000554_zr_c03_o_q1_scimrefdiffimg.fits,b'ztf_20180826496458_000554_zr_c03_o_q1_diffimgpsf.fits',65.42974029093874,41.07798311935238,2.032250300604734e-09,1.2758837675683566e-09,2458312.9458906366,2458354.9970970717,5540312.0,0.0,0.0,20.488047208767085
2458357.9234028,b'r',2.069,6.2,26.25627,1.17282e-05,3.0,554.0,3.0,1.0,2.0,346.729,-9.6435,-0.991511,349.427,1.088,0.0,11.102904662036895,-0.43536674976348877,ztf_20180827423403_000554_zr_c03_o_q1_scimrefdiffimg.fits,b'ztf_20180827423403_000554_zr_c03_o_q1_diffimgpsf.fits',51.22694115369265,41.03958395203103,1.6106101222955495e-09,1.290312633261395e-09,2458312.9458906366,2458354.9970970717,5540312.0,0.0,0.0,20.475837615639882
2458357.9325347,b'r',1.783,6.2,26.234279,1.34272e-05,1.0,554.0,3.0,1.0,2.0,346.797,-9.60428,-0.991353,349.329,1.072,0.0,11.372117893600464,0.7435332536697388,ztf_20180827432523_000554_zr_c03_o_q1_scimrefdiffimg.fits,b'ztf_20180827432523_000554_zr_c03_o_q1_diffimgpsf.fits',23.3598979343177,41.14564300830652,7.494787795177231e-10,1.3201164830345533e-09,2458312.9458906366,2458354.9970970717,5540312.0,0.0,0.0,20.451044354881667
2458357.9848264,b'r',2.31,6.2,26.253152,1.09147e-05,3.0,554.0,3.0,1.0,2.0,347.211,-9.37319,-0.990378,348.741,1.038,0.0,10.457072091293329,-0.6212928295135498,ztf_20180827484826_000554_zr_c03_o_q1_scimrefdiffimg.fits,b'ztf_20180827484826_000554_zr_c03_o_q1_diffimgpsf.fits',41.957186446751884,43.60449909386998,1.3229564795030077e-09,1.3748980687164967e-09,2458312.9458906366,2458354.9970970717,5540312.0,0.0,0.0,20.406898734353124
2458358.0032755,b'r',2.289,6.2,26.252612,1.09934e-05,1.0,554.0,3.0,1.0,2.0,347.37,-9.28943,-0.990029,348.539,1.049,0.0,10.848507843017575,0.8979244232177734,ztf_20180827503264_000554_zr_c03_o_q1_scimrefdiffimg.fits,b'ztf_20180827503264_000554_zr_c03_o_q1_diffimgpsf.fits',9.834696677586201,45.02851672446798,3.102531288084595e-10,1.4205052435672282e-09,2458312.9458906366,2458354.9970970717,5540312.0,0.0,0.0,20.371467886184146
2458358.9284954,b'r',2.065,6.2,26.153952,1.45968e-05,3.0,554.0,3.0,1.0,2.0,358.562,-5.4972,-0.963929,338.103,1.074,0.0,13.724874783706666,-0.10719108581542969,ztf_20180828428484_000554_zr_c03_o_q1_scimrefdiffimg.fits,b'ztf_20180828428484_000554_zr_c03_o_q1_diffimgpsf.fits',-40.63499253213901,55.398491679761456,-1.4038457264773253e-09,1.9138907369108947e-09,2458312.9458906366,2458354.9970970717,5540312.0,0.0,0.0,20.047782137939244
2458359.9418866,b'r',2.201,6.2,25.785731,3.91247e-05,3.0,554.0,3.0,1.0,2.0,10.4452,-1.05031,-0.917146,326.542,1.053,0.0,25.988582093811026,-3.362232208251953,ztf_20180829441887_000554_zr_c03_o_q1_scimrefdiffimg.fits,b'ztf_20180829441887_000554_zr_c03_o_q1_diffimgpsf.fits',17.18288045245124,109.3170963627581,8.333041957958235e-10,5.301462425048112e-09,2458312.9458906366,2458354.9970970717,5540312.0,0.0,0.0,18.94158577010129
2458359.9835648,b'r',1.647,6.2,25.676705,6.26034e-05,3.0,554.0,3.0,1.0,2.0,10.7425,-0.8633,-0.914775,326.053,1.04,0.0,32.17728414993286,-3.903203010559082,ztf_20180829483553_000554_zr_c03_o_q1_scimrefdiffimg.fits,b'ztf_20180829483553_000554_zr_c03_o_q1_diffimgpsf.fits',-5.443375752882396,107.63492599831807,-2.918678872806384e-10,5.771267660924461e-09,2458312.9458906366,2458354.9970970717,5540312.0,0.0,0.0,18.849396947745042
2458363.9646181,b'r',2.187,6.2,26.213718,8.8945e-06,1.0,554.0,3.0,1.0,2.0,61.0154,15.6354,-0.573116,278.409,1.033,0.0,8.170065540122984,0.6740341186523438,ztf_20180902464618_000554_zr_c03_o_q1_scimrefdiffimg.fits,b'ztf_20180902464618_000554_zr_c03_o_q1_diffimgpsf.fits',-3.4569684371796945,32.675400811050054,-1.130337704051768e-10,1.068399616684947e-09,2458312.9458906366,2458354.9970970717,5540312.0,0.0,0.0,20.68074068032153
2458363.9655324,b'r',2.185,6.2,26.205416,8.6829e-06,3.0,554.0,3.0,1.0,2.0,61.0237,15.6389,-0.573056,278.402,1.033,0.0,7.561209759712218,0.166151762008667,ztf_20180902465532_000554_zr_c03_o_q1_scimrefdiffimg.fits,b'ztf_20180902465532_000554_zr_c03_o_q1_diffimgpsf.fits',25.170817452110235,30.22458690312976,8.293367681683845e-10,9.958501057708225e-10,2458312.9458906366,2458354.9970970717,5540312.0,0.0,0.0,20.757090054585674
2458364.8841782,b'r',2.144,6.2,26.169849,8.1695e-06,3.0,554.0,3.0,1.0,2.0,74.2852,18.1332,-0.471527,266.735,1.13,0.0,6.6932773609161345,0.2554429769515991,ztf_20180903384178_000554_zr_c03_o_q1_scimrefdiffimg.fits,b'ztf_20180903384178_000554_zr_c03_o_q1_diffimgpsf.fits',39.97391679927215,25.349174658256793,1.360934125593227e-09,8.630266837174525e-10,2458312.9458906366,2458354.9970970717,5540312.0,0.0,0.0,20.912514429732614
2458364.9134375,b'g',2.121,6.2,26.250655,1.2917e-05,3.0,554.0,3.0,1.0,1.0,74.6419,18.2446,-0.468176,266.351,1.066,0.0,6.272571358203888,-0.15326142311096191,ztf_20180903413333_000554_zg_c03_o_q1_scimrefdiffimg.fits,b'ztf_20180903413333_000554_zg_c03_o_q1_diffimgpsf.fits',14.507695491962249,27.212606604325813,4.5849692931032166e-10,8.600191928329863e-10,2458304.9641272104,2458363.905018264,5540311.0,0.0,0.0,20.916304630677637
2458365.8893287,b'r',2.177,6.2,26.226928,7.4611e-06,3.0,554.0,3.0,1.0,2.0,89.1337,19.9338,-0.359126,253.635,1.109,0.0,5.812977339363096,-0.003680109977722168,ztf_20180904389317_000554_zr_c03_o_q1_scimrefdiffimg.fits,b'ztf_20180904389317_000554_zr_c03_o_q1_diffimgpsf.fits',17.49281891980847,22.192003259441073,5.650522394476269e-10,7.168450778142209e-10,2458312.9458906366,2458354.9970970717,5540312.0,0.0,0.0,21.114011720353947
2458365.9044792,b'g',2.017,6.2,26.317425,1.25159e-05,3.0,554.0,3.0,1.0,1.0,89.3476,19.9779,-0.357488,253.44,1.077,0.0,4.70106139998436,-0.516194760799408,ztf_20180904404468_000554_zg_c03_o_q1_scimrefdiffimg.fits,b'ztf_20180904404468_000554_zg_c03_o_q1_diffimgpsf.fits',27.701571873260704,18.32130733917004,8.232550680964875e-10,5.444856772902229e-10,2458304.9641272104,2458363.905018264,5540311.0,0.0,0.0,21.41260883887369
2458366.8793634,b'r',2.343,6.2,26.230213,6.7138e-06,1.0,554.0,3.0,1.0,2.0,104.28,20.4144,-0.253155,240.417,1.128,0.0,4.992434119820595,0.048059046268463135,ztf_20180905379363_000554_zr_c03_o_q1_scimrefdiffimg.fits,b'ztf_20180905379363_000554_zr_c03_o_q1_diffimgpsf.fits',-11.63706370083338,20.43155519188925,-3.747642985233801e-10,6.57985351470512e-10,2458312.9458906366,2458354.9970970717,5540312.0,0.0,0.0,21.20703442627377
2458366.8838542,b'r',2.003,6.2,26.220749,8.1366e-06,3.0,554.0,3.0,1.0,2.0,104.353,20.4217,-0.252678,240.354,1.116,0.0,5.037446787405013,-0.019279778003692627,ztf_20180905383843_000554_zr_c03_o_q1_scimrefdiffimg.fits,b'ztf_20180905383843_000554_zr_c03_o_q1_diffimgpsf.fits',-11.817137450705422,18.958179584525094,-3.838952044675041e-10,6.158813213751585e-10,2458312.9458906366,2458354.9970970717,5540312.0,0.0,0.0,21.278832406953107
2458366.9135532,b'g',2.402,6.2,26.298464,1.20995e-05,3.0,554.0,3.0,1.0,1.0,104.823,20.4696,-0.24966,239.955,1.058,0.0,4.0536544898986815,-0.36867034435272217,ztf_20180905413426_000554_zg_c03_o_q1_scimrefdiffimg.fits,b'ztf_20180905413426_000554_zg_c03_o_q1_diffimgpsf.fits',16.636727782173125,19.176944660398014,5.031324292433389e-10,5.799543563633239e-10,2458304.9641272104,2458363.905018264,5540311.0,0.0,0.0,21.344090451630066
2458366.9144792,b'g',2.365,6.2,26.336328,1.57169e-05,1.0,554.0,3.0,1.0,1.0,104.838,20.4711,-0.249502,239.934,1.057,0.0,4.229501076889037,-0.288000226020813,ztf_20180905414468_000554_zg_c03_o_q1_scimrefdiffimg.fits,b'ztf_20180905414468_000554_zg_c03_o_q1_diffimgpsf.fits',19.730114218184152,18.79956061684654,5.762333626904327e-10,5.49055819586394e-10,2458304.9641272104,2458363.905018264,5540311.0,0.0,0.0,21.403533741395258
2458366.9522569,b'g',1.958,6.2,26.315485,1.04971e-05,1.0,554.0,3.0,1.0,1.0,105.393,20.53,-0.245708,239.43,1.032,0.0,4.193743223428726,-0.3624458312988281,ztf_20180905452245_000554_zg_c03_o_q1_scimrefdiffimg.fits,b'ztf_20180905452245_000554_zg_c03_o_q1_diffimgpsf.fits',-0.6304032317362642,16.63367607024969,-1.876827813795867e-11,4.95215511639034e-10,2458304.9641272104,2458363.905018264,5540311.0,0.0,0.0,21.51558939007421
2458367.880706,b'r',2.362,6.2,26.216503,8.6663e-06,3.0,554.0,3.0,1.0,2.0,119.804,19.518,-0.157498,226.764,1.117,0.0,4.6886712370872505,0.2714993953704834,ztf_20180906380694_000554_zr_c03_o_q1_scimrefdiffimg.fits,b'ztf_20180906380694_000554_zr_c03_o_q1_diffimgpsf.fits',-8.050839893302559,18.307947434214466,-2.6256690800588917e-10,5.970881564499401e-10,2458312.9458906366,2458354.9970970717,5540312.0,0.0,0.0,21.312478847126826
2458367.906169,b'g',2.355,6.2,26.327538,1.16583e-05,3.0,554.0,3.0,1.0,1.0,120.247,19.5187,-0.155281,226.414,1.065,0.0,3.823415648889539,-0.35953378677368164,ztf_20180906406169_000554_zg_c03_o_q1_scimrefdiffimg.fits,b'ztf_20180906406169_000554_zg_c03_o_q1_diffimgpsf.fits',-8.822093129445676,15.46708944987669,-2.597505274132564e-10,4.5540038891895867e-10,2458304.9641272104,2458363.905018264,5540311.0,0.0,0.0,21.606591496226276
2458367.9533449,b'g',2.709,6.2,26.364449,1.37537e-05,1.0,554.0,3.0,1.0,1.0,121.014,19.5215,-0.151192,225.764,1.033,0.0,4.173274343895912,-0.18279922008514404,ztf_20180906453345_000554_zg_c03_o_q1_scimrefdiffimg.fits,b'ztf_20180906453345_000554_zg_c03_o_q1_diffimgpsf.fits',-23.725536753981686,18.14968368384255,-6.752062388150648e-10,5.165227570867935e-10,2458304.9641272104,2458363.905018264,5540311.0,0.0,0.0,21.469851337834044
2458368.9089699,b'g',2.22,6.2,26.339323,1.07971e-05,3.0,554.0,3.0,1.0,1.0,135.674,17.1977,-0.0784829,212.538,1.057,0.0,3.977261339664459,-0.24422597885131836,ztf_20180907408958_000554_zg_c03_o_q1_scimrefdiffimg.fits,b'ztf_20180907408958_000554_zg_c03_o_q1_diffimgpsf.fits',-7.793092871767849,16.268680925014202,-2.269763729875038e-10,4.73830640857607e-10,2458304.9641272104,2458363.905018264,5540311.0,0.0,0.0,21.563517135418138
2458368.9318056,b'r',2.094,6.2,26.231471,7.6665e-06,3.0,554.0,3.0,1.0,2.0,136.074,17.162,-0.0769795,212.216,1.036,0.0,4.942364061737061,0.13970625400543213,ztf_20180907431794_000554_zr_c03_o_q1_scimrefdiffimg.fits,b'ztf_20180907431794_000554_zr_c03_o_q1_diffimgpsf.fits',9.582447466850622,19.36575186041618,3.08239326468379e-10,6.229396331881741e-10,2458312.9458906366,2458354.9970970717,5540312.0,0.0,0.0,21.266460082156975
2458369.9031829,b'r',2.077,6.2,26.215011,7.6338e-06,1.0,554.0,3.0,1.0,2.0,150.501,13.7149,-0.0263662,198.69,1.061,0.0,5.2975155191421495,-0.0820654034614563,ztf_20180908403171_000554_zr_c03_o_q1_scimrefdiffimg.fits,b'ztf_20180908403171_000554_zr_c03_o_q1_diffimgpsf.fits',-21.648472732550186,20.789808812793545,-7.070056149816678e-10,6.789629802999437e-10,2458312.9458906366,2458354.9970970717,5540312.0,0.0,0.0,21.17295975040182
2458369.9040972,b'r',1.935,6.2,26.205671,7.4366e-06,3.0,554.0,3.0,1.0,2.0,150.518,13.712,-0.0263075,198.669,1.06,0.0,5.141339106559753,-0.3106718063354492,ztf_20180908404086_000554_zr_c03_o_q1_scimrefdiffimg.fits,b'ztf_20180908404086_000554_zr_c03_o_q1_diffimgpsf.fits',-34.192954916630676,18.83519280038043,-1.1263366960497999e-09,6.204426871443941e-10,2458312.9458906366,2458354.9970970717,5540312.0,0.0,0.0,21.2708208138822
2458369.9747569,b'g',2.124,6.2,26.278374,1.11617e-05,3.0,554.0,3.0,1.0,1.0,151.758,13.5005,-0.0236416,197.69,1.048,0.0,3.956589971339702,-0.24330663681030273,ztf_20180908474606_000554_zg_c03_o_q1_scimrefdiffimg.fits,b'ztf_20180908474606_000554_zg_c03_o_q1_diffimgpsf.fits',4.1232783443157075,16.746033494785888,1.2702612593273465e-10,5.158962315803357e-10,2458304.9641272104,2458363.905018264,5540311.0,0.0,0.0,21.471169100324925
2458369.9756944,b'g',1.967,6.2,26.313122,9.7276e-06,1.0,554.0,3.0,1.0,1.0,151.773,13.4978,-0.0236231,197.683,1.049,0.0,4.139259745407104,-0.1051374077796936,ztf_20180908475671_000554_zg_c03_o_q1_scimrefdiffimg.fits,b'ztf_20180908475671_000554_zg_c03_o_q1_diffimgpsf.fits',18.607750521010498,15.761836171420889,5.55194397175564e-10,4.702816238954125e-10,2458304.9641272104,2458363.905018264,5540311.0,0.0,0.0,21.57167996626211
2458370.8882407,b'g',2.462,6.2,26.332938,1.28846e-05,3.0,554.0,3.0,1.0,1.0,164.578,9.416,-0.00189905,184.995,1.082,0.0,4.465028152894973,-0.157579243183136,ztf_20180909388229_000554_zg_c03_o_q1_scimrefdiffimg.fits,b'ztf_20180909388229_000554_zg_c03_o_q1_diffimgpsf.fits',-7.361016166649451,19.60622031277147,-2.1565650943990504e-10,5.744056174147217e-10,2458304.9641272104,2458363.905018264,5540311.0,0.0,0.0,21.354528293036882
2458370.9211111,b'r',1.965,6.2,26.240239,7.9687e-06,3.0,554.0,3.0,1.0,2.0,165.187,9.27704,-0.00156929,184.541,1.039,0.0,4.588988872766495,-0.09231019020080566,ztf_20180909421100_000554_zr_c03_o_q1_scimrefdiffimg.fits,b'ztf_20180909421100_000554_zr_c03_o_q1_diffimgpsf.fits',10.885514773817617,16.727044871631584,3.473388576054787e-10,5.337324671928933e-10,2458312.9458906366,2458354.9970970717,5540312.0,0.0,0.0,21.434265934306488
2458371.8833681,b'g',2.947,6.2,26.380664,1.30586e-05,3.0,554.0,3.0,1.0,1.0,178.282,4.57364,0.00573357,171.315,1.086,0.0,3.898958555531496,-0.1856616735458374,ztf_20180910383356_000554_zg_c03_o_q1_scimrefdiffimg.fits,b'ztf_20180910383356_000554_zg_c03_o_q1_diffimgpsf.fits',5.384481698233518,18.008918716008772,1.5096570696998503e-10,5.049193772237669e-10,2458304.9641272104,2458363.905018264,5540311.0,0.0,0.0,21.4945198944678
2458371.9359838,b'r',2.008,6.2,26.254101,7.7091e-06,3.0,554.0,3.0,1.0,2.0,179.248,4.3173,0.00672193,170.594,1.032,0.0,4.331525775289535,0.14245539903640747,ztf_20180910435984_000554_zr_c03_o_q1_scimrefdiffimg.fits,b'ztf_20180910435984_000554_zr_c03_o_q1_diffimgpsf.fits',-18.78854680208491,15.989945032705437,-5.919060662622194e-10,5.037401542591327e-10,2458312.9458906366,2458354.9970970717,5540312.0,0.0,0.0,21.497058562094562
2458372.8898148,b'r',1.982,6.2,26.242195,8.039e-06,3.0,554.0,3.0,1.0,2.0,191.734,-0.496518,0.0372886,157.732,1.069,0.0,4.7594843487262715,0.046084046363830566,ztf_20180911389803_000554_zr_c03_o_q1_scimrefdiffimg.fits,b'ztf_20180911389803_000554_zr_c03_o_q1_diffimgpsf.fits',-3.854374280543336,17.505505560259042,-1.2276537215697977e-10,5.575664812191487e-10,2458312.9458906366,2458354.9970970717,5540312.0,0.0,0.0,21.38683334481344
2458372.8907407,b'r',2.182,6.2,26.239809,7.9359e-06,1.0,554.0,3.0,1.0,2.0,191.751,-0.501165,0.0373348,157.718,1.068,0.0,5.2717572861909865,0.14213764667510986,ztf_20180911390729_000554_zr_c03_o_q1_scimrefdiffimg.fits,b'ztf_20180911390729_000554_zr_c03_o_q1_diffimgpsf.fits',15.13790725511448,20.582407709093932,4.832170393744675e-10,6.570109030870187e-10,2458312.9458906366,2458354.9970970717,5540312.0,0.0,0.0,21.208643547333416
2458372.9197917,b'g',2.412,6.2,26.366186,1.24434e-05,3.0,554.0,3.0,1.0,1.0,192.28,-0.647056,0.0386181,157.334,1.037,0.0,3.9410080568313597,-0.3047771453857422,ztf_20180911419792_000554_zg_c03_o_q1_scimrefdiffimg.fits,b'ztf_20180911419792_000554_zg_c03_o_q1_diffimgpsf.fits',5.945421990455912,16.799401396754032,1.6893058465912482e-10,4.773307436303105e-10,2458304.9641272104,2458363.905018264,5540311.0,0.0,0.0,21.55552647155038
2458372.920706,b'g',2.977,6.2,26.386573,1.68898e-05,1.0,554.0,3.0,1.0,1.0,192.297,-0.651651,0.0386651,157.32,1.036,0.0,3.9537475676536546,-0.3238999843597412,ztf_20180911420706_000554_zg_c03_o_q1_scimrefdiffimg.fits,b'ztf_20180911420706_000554_zg_c03_o_q1_diffimgpsf.fits',31.552493991340796,19.10651728844646,8.798416012102279e-10,5.327854202199727e-10,2458304.9641272104,2458363.905018264,5540311.0,0.0,0.0,21.43619415973712
2458373.9075231,b'g',2.764,6.2,26.337882,1.48509e-05,3.0,554.0,3.0,1.0,1.0,205.062,-5.48035,0.0935845,144.373,1.044,0.0,3.8830022206902504,-0.3575577735900879,ztf_20180912407512_000554_zg_c03_o_q1_scimrefdiffimg.fits,b'ztf_20180912407512_000554_zg_c03_o_q1_diffimgpsf.fits',449.2307914720271,21.659890237543067,1.3101370134035645e-08,6.316892249387656e-10,2458304.9641272104,2458363.905018264,5540311.0,19.706708209231678,0.05234932336503314,21.251316316749687
2458373.9477083,b'r',2.511,6.2,26.236493,6.3942e-06,3.0,554.0,3.0,1.0,2.0,205.782,-5.67118,0.096232,143.856,1.036,0.0,4.750771644115449,-0.4529843330383301,ztf_20180912447708_000554_zr_c03_o_q1_scimrefdiffimg.fits,b'ztf_20180912447708_000554_zr_c03_o_q1_diffimgpsf.fits',264.2892814808814,21.594705451254413,8.462181777328018e-09,6.914329722609508e-10,2458312.9458906366,2458354.9970970717,5540312.0,20.181294124407763,0.08871397836885983,21.153199774569096
2458374.8913426,b'r',2.232,6.2,26.248717,7.2158e-06,3.0,554.0,3.0,1.0,2.0,217.593,-9.91216,0.166246,131.875,1.059,0.0,4.862131989002227,0.3296663761138916,ztf_20180913391343_000554_zr_c03_o_q1_scimrefdiffimg.fits,b'ztf_20180913391343_000554_zr_c03_o_q1_diffimgpsf.fits',315.6848287420654,20.55146155788475,9.994634366628136e-09,6.506627064078548e-10,2458312.9458906366,2458354.9970970717,5540312.0,20.0005827225891,0.07068273150558982,21.21918520094614
2458374.9060069,b'g',3.041,6.2,26.39581,1.34628e-05,3.0,554.0,3.0,1.0,1.0,217.85,-9.97021,0.167475,131.686,1.043,0.0,4.430886588454246,-0.18037480115890503,ztf_20180913405995_000554_zg_c03_o_q1_scimrefdiffimg.fits,b'ztf_20180913405995_000554_zg_c03_o_q1_diffimgpsf.fits',559.0292009640688,23.674349911124068,1.545647635703057e-08,6.545669613029819e-10,2458304.9641272104,2458363.905018264,5540311.0,19.52722376522877,0.04597988777706739,21.21268978693589
2458375.8712269,b'r',1.955,6.2,26.239299,7.5892e-06,3.0,554.0,3.0,1.0,2.0,229.995,-13.7704,0.251172,119.845,1.088,0.0,5.1939957062005995,0.1687822937965393,ztf_20180914371227_000554_zr_c03_o_q1_scimrefdiffimg.fits,b'ztf_20180914371227_000554_zr_c03_o_q1_diffimgpsf.fits',336.68120632859836,20.96138841873767,1.075224804407682e-08,6.694227203968129e-10,2458312.9458906366,2458354.9970970717,5540312.0,19.921251813541083,0.06759669985690903,21.188323868285753
2458375.8721412,b'r',1.885,6.2,26.233962,7.1947e-06,1.0,554.0,3.0,1.0,2.0,230.01,-13.773,0.251225,119.838,1.086,0.0,5.165865878438947,-0.10087740421295166,ztf_20180914372141_000554_zr_c03_o_q1_scimrefdiffimg.fits,b'ztf_20180914372141_000554_zr_c03_o_q1_diffimgpsf.fits',306.9928819822839,20.34178268600394,9.852433356963955e-09,6.528361764735337e-10,2458312.9458906366,2458354.9970970717,5540312.0,20.016141235180434,0.07194241735948197,21.215564457793647
2458375.9327083,b'g',2.219,6.2,26.356959,1.29837e-05,3.0,554.0,3.0,1.0,1.0,231.046,-13.9539,0.256804,119.104,1.033,0.0,4.217676499891281,-0.21159911155700684,ztf_20180914432697_000554_zg_c03_o_q1_scimrefdiffimg.fits,b'ztf_20180914432697_000554_zg_c03_o_q1_diffimgpsf.fits',480.94723994074195,19.897759822468117,1.378205049466641e-08,5.701913209721717e-10,2458304.9641272104,2458363.905018264,5540311.0,19.651715408126535,0.04491910409542688,21.362523482868845
2458375.9336227,b'g',2.213,6.2,26.357914,1.32761e-05,1.0,554.0,3.0,1.0,1.0,231.062,-13.9567,0.256857,119.097,1.033,0.0,4.479665007019042,0.1015845537185669,ztf_20180914433611_000554_zg_c03_o_q1_scimrefdiffimg.fits,b'ztf_20180914433611_000554_zg_c03_o_q1_diffimgpsf.fits',454.001682255923,20.471838050075036,1.2998458803580717e-08,5.86126359684678e-10,2458304.9641272104,2458363.905018264,5540311.0,19.715270344767422,0.04895800485957887,21.332596856119764
2458376.9193403,b'r',1.575,6.2,26.232065,1.30404e-05,3.0,554.0,3.0,1.0,2.0,243.523,-17.0583,0.350225,107.431,1.033,0.0,4.721946534085273,-0.23129063844680786,ztf_20180915419282_000554_zr_c03_o_q1_scimrefdiffimg.fits,b'ztf_20180915419282_000554_zr_c03_o_q1_diffimgpsf.fits',270.2288727037414,17.350747452345345,8.687718681714365e-09,5.578175785308282e-10,2458312.9458906366,2458354.9970970717,5540312.0,20.152735626201252,0.06971251750314715,21.38634449894115
2458376.943044,b'g',2.95,6.2,26.376513,1.32472e-05,3.0,554.0,3.0,1.0,1.0,243.927,-17.1056,0.352498,107.158,1.038,0.0,4.218559134101863,-0.5237035751342773,ztf_20180915443044_000554_zg_c03_o_q1_scimrefdiffimg.fits,b'ztf_20180915443044_000554_zg_c03_o_q1_diffimgpsf.fits',438.16695259805294,20.96483327684632,1.2332025643208819e-08,5.900464844478592e-10,2458304.9641272104,2458363.905018264,5540311.0,19.77241395218208,0.05194887273106584,21.325359421308974
2458377.8888194,b'g',1.976,6.2,26.318519,1.09918e-05,3.0,554.0,3.0,1.0,1.0,255.759,-19.344,0.445047,96.3099,1.052,0.0,4.301054517507553,-0.21305876970291138,ztf_20180916388819_000554_zg_c03_o_q1_scimrefdiffimg.fits,b'ztf_20180916388819_000554_zg_c03_o_q1_diffimgpsf.fits',306.810557554247,18.399577512221754,9.108832161828551e-09,5.462610776223386e-10,2458304.9641272104,2458363.905018264,5540311.0,20.101343250263778,0.06511212619661476,21.409074346358047
2458377.9260764,b'r',1.847,6.2,26.220258,8.7273e-06,3.0,554.0,3.0,1.0,2.0,256.352,-19.3681,0.448628,95.8972,1.033,0.0,5.2294243003845216,0.045328497886657715,ztf_20180916426076_000554_zr_c03_o_q1_scimrefdiffimg.fits,b'ztf_20180916426076_000554_zr_c03_o_q1_diffimgpsf.fits',235.63535672869696,19.038319582971454,7.658386074865055e-09,6.187645365652367e-10,2458312.9458906366,2458354.9970970717,5540312.0,20.28965685941418,0.08772279864215395,21.273761451928475
2458378.9013542,b'r',1.966,6.2,26.248549,8.9181e-06,3.0,554.0,3.0,1.0,2.0,268.687,-20.7762,0.543513,85.0074,1.038,0.0,4.820919113349914,-0.2731660008430481,ztf_20180917401343_000554_zr_c03_o_q1_scimrefdiffimg.fits,b'ztf_20180917401343_000554_zr_c03_o_q1_diffimgpsf.fits',198.52782543498887,17.94736465503169,6.2863967303926695e-09,5.68304491851729e-10,2458312.9458906366,2458354.9970970717,5540312.0,20.503995536030978,0.09815301015714797,21.366122267406787
2458378.9022685,b'r',1.992,6.2,26.2476,1.25506e-05,1.0,554.0,3.0,1.0,2.0,268.701,-20.7757,0.543574,85.0004,1.037,0.0,5.294720654606819,0.3542710542678833,ztf_20180917402257_000554_zr_c03_o_q1_scimrefdiffimg.fits,b'ztf_20180917402257_000554_zr_c03_o_q1_diffimgpsf.fits',177.90830636245266,19.159014730366167,5.638404452358303e-09,6.072019726878308e-10,2458312.9458906366,2458354.9970970717,5540312.0,20.622109436659727,0.11692335498777388,21.294242054577886
2458378.9519444,b'g',2.191,6.2,26.353539,1.19156e-05,3.0,554.0,3.0,1.0,1.0,269.472,-20.7532,0.548315,84.4549,1.05,0.0,4.214433183109759,-0.08669865131378174,ztf_20180917451944_000554_zg_c03_o_q1_scimrefdiffimg.fits,b'ztf_20180917451944_000554_zg_c03_o_q1_diffimgpsf.fits',192.88105034442424,17.85775778056872,5.54464777045365e-09,5.133473577738927e-10,2458304.9641272104,2458363.905018264,5540311.0,20.640315094123874,0.10052213143675275,21.47654666159223
2458378.9528588,b'g',2.447,6.2,26.361758,1.39431e-05,1.0,554.0,3.0,1.0,1.0,269.487,-20.7529,0.548436,84.4409,1.051,0.0,4.5909064161539055,-0.36408162117004395,ztf_20180917452859_000554_zg_c03_o_q1_scimrefdiffimg.fits,b'ztf_20180917452859_000554_zg_c03_o_q1_diffimgpsf.fits',238.06387655649883,20.785972127236306,6.7918846465021205e-09,5.930170025065544e-10,2458304.9641272104,2458363.905018264,5540311.0,20.420024246917997,0.09479843418573104,21.319907125947783
2458379.923206,b'r',1.863,6.2,26.237718,9.0954e-06,3.0,554.0,3.0,1.0,2.0,281.692,-21.2351,0.639413,73.8098,1.033,0.0,5.265357822370528,0.16870564222335815,ztf_20180918423206_000554_zr_c03_o_q1_scimrefdiffimg.fits,b'ztf_20180918423206_000554_zr_c03_o_q1_diffimgpsf.fits',142.72904574957917,19.30767589269476,4.56483582009327e-09,6.175083019987435e-10,2458312.9458906366,2458354.9970970717,5540312.0,20.851437094453317,0.14687299754957098,21.27596798721326
2458379.9440162,b'g',2.373,6.2,26.358217,1.10222e-05,3.0,554.0,3.0,1.0,1.0,281.999,-21.2027,0.641288,73.586,1.044,0.0,4.499476355361939,-0.03343474864959717,ztf_20180918444005_000554_zg_c03_o_q1_scimrefdiffimg.fits,b'ztf_20180918444005_000554_zg_c03_o_q1_diffimgpsf.fits',179.95122672351408,20.28399298759969,5.150720828764343e-09,5.805861260172822e-10,2458304.9641272104,2458363.905018264,5540311.0,20.720329971062867,0.12238352610317128,21.342908355417926
2458380.9349884,b'r',1.506,6.2,26.229743,7.2414e-06,3.0,554.0,3.0,1.0,2.0,294.434,-20.7485,0.728215,62.8431,1.039,0.0,4.368738305449485,0.2915623188018799,ztf_20180919434988_000554_zr_c03_o_q1_scimrefdiffimg.fits,b'ztf_20180919434988_000554_zr_c03_o_q1_diffimgpsf.fits',119.45365880311907,16.045343594592325,3.8485954005956704e-09,5.169539070965341e-10,2458312.9458906366,2458354.9970970717,5540312.0,21.03674435874362,0.14583906976529815,21.468945434065457
2458382.8382639,b'r',2.099,6.2,26.213798,8.1059e-06,1.0,554.0,3.0,1.0,2.0,318.146,-17.5575,0.870382,42.2034,1.121,0.0,7.563372802019119,-0.49377310276031494,ztf_20180921338264_000554_zr_c03_o_q1_scimrefdiffimg.fits,b'ztf_20180921338264_000554_zr_c03_o_q1_diffimgpsf.fits',114.98711396325561,28.663177814801067,3.759499001774251e-09,9.371414301709355e-10,2458312.9458906366,2458354.9970970717,5540312.0,21.062175065381552,0.2706446734618643,20.823062143990256
2458382.8391782,b'r',1.804,6.2,26.217414,7.2646e-06,3.0,554.0,3.0,1.0,2.0,318.154,-17.5542,0.870423,42.1964,1.119,0.0,7.513634906005859,0.4014705419540405,ztf_20180921339178_000554_zr_c03_o_q1_scimrefdiffimg.fits,b'ztf_20180921339178_000554_zr_c03_o_q1_diffimgpsf.fits',100.003090400114,25.497135174126477,3.2587258165513934e-09,8.308560499100587e-10,2458312.9458906366,2458354.9970970717,5540312.0,21.217380446925553,0.2768230729163744,20.95376052279562
2458382.9331829,b'g',1.992,6.2,26.332122,1.15063e-05,1.0,554.0,3.0,1.0,1.0,319.098,-17.1948,0.87643,41.1613,1.042,0.0,4.475754674434661,-0.05471527576446533,ztf_20180921433171_000554_zg_c03_o_q1_scimrefdiffimg.fits,b'ztf_20180921433171_000554_zg_c03_o_q1_diffimgpsf.fits',98.71046964161039,17.156420396698948,2.894105897179877e-09,5.030114608628521e-10,2458304.9641272104,2458363.905018264,5540311.0,21.346213954535674,0.18870690080803612,21.49863028828559
2458382.9341551,b'g',2.294,6.2,26.363026,1.20001e-05,3.0,554.0,3.0,1.0,1.0,319.109,-17.1909,0.87647,41.1543,1.043,0.0,4.3758977818489075,-0.16919803619384766,ztf_20180921434120_000554_zg_c03_o_q1_scimrefdiffimg.fits,b'ztf_20180921434120_000554_zg_c03_o_q1_diffimgpsf.fits',83.52770343233979,17.429173058701316,2.3802366651641176e-09,4.966682323501508e-10,2458304.9641272104,2458363.905018264,5540311.0,21.558449648046874,0.2265533883701435,21.512409032277624
2458383.9026505,b'r',1.918,6.2,26.213847,8.4265e-06,3.0,554.0,3.0,1.0,2.0,330.88,-14.3805,0.930773,30.5093,1.033,0.0,9.01360686302185,-0.9581197500228882,ztf_20180922402639_000554_zr_c03_o_q1_scimrefdiffimg.fits,b'ztf_20180922402639_000554_zr_c03_o_q1_diffimgpsf.fits',67.75334838267061,30.501243568343178,2.2150929914609465e-09,9.971919098008945e-10,2458312.9458906366,2458354.9970970717,5540312.0,0.0,0.0,20.755628123102177
2458383.9790278,b'g',1.86,6.2,26.273169,1.05992e-05,3.0,554.0,3.0,1.0,1.0,331.679,-14.045,0.934476,29.663,1.127,0.0,3.8731329125165934,-0.06670582294464111,ztf_20180922479028_000554_zg_c03_o_q1_scimrefdiffimg.fits,b'ztf_20180922479028_000554_zg_c03_o_q1_diffimgpsf.fits',80.05311628694503,15.458662814600245,2.4780532964931103e-09,4.785246617850136e-10,2458304.9641272104,2458363.905018264,5540311.0,21.514723393281695,0.20966116867013582,21.55281417671402
2458384.9693287,b'g',2.442,6.2,26.285127,2.76851e-05,3.0,554.0,3.0,1.0,1.0,343.472,-10.4972,0.973831,18.6193,1.109,0.0,11.342856294870376,-0.31594645977020264,ztf_20180923469317_000554_zg_c03_o_q1_scimrefdiffimg.fits,b'ztf_20180923469317_000554_zg_c03_o_q1_diffimgpsf.fits',52.18622970823631,47.51133013338938,1.597736370820586e-09,1.4546093985780586e-09,2458304.9641272104,2458363.905018264,5540311.0,0.0,0.0,20.345709015848325
2458385.7979514,b'r',1.592,6.2,26.170969,1.49262e-05,3.0,554.0,3.0,1.0,2.0,353.966,-7.19417,0.993522,9.23318,1.236,0.0,14.380839405059813,0.44368183612823486,ztf_20180924297940_000554_zr_c03_o_q1_scimrefdiffimg.fits,b'ztf_20180924297940_000554_zr_c03_o_q1_diffimgpsf.fits',67.28086276900581,47.50152344015474,2.288252533919678e-09,1.6155482692124149e-09,2458312.9458906366,2458354.9970970717,5540312.0,0.0,0.0,20.23177514325811
2458385.808588,b'r',1.977,6.2,26.193038,1.26977e-05,1.0,554.0,3.0,1.0,2.0,354.04,-7.14867,0.993687,9.11428,1.191,0.0,15.237417404174803,-0.5425667762756348,ztf_20180924308553_000554_zr_c03_o_q1_scimrefdiffimg.fits,b'ztf_20180924308553_000554_zr_c03_o_q1_diffimgpsf.fits',31.619496969388685,58.08726894845235,1.0537552624776831e-09,1.9358235014898126e-09,2458312.9458906366,2458354.9970970717,5540312.0,0.0,0.0,20.035410594104167
2458385.891169,b'g',4.374,6.2,26.360078,3.64831e-05,1.0,554.0,3.0,1.0,1.0,354.639,-6.78128,0.994925,8.17008,1.034,0.0,17.158275299072265,-0.16947364807128906,ztf_20180924391146_000554_zg_c03_o_q1_scimrefdiffimg.fits,b'ztf_20180924391146_000554_zg_c03_o_q1_diffimgpsf.fits',104.32548534757944,88.84673213994918,2.980981040299531e-09,2.5386934297551684e-09,2458304.9641272104,2458363.905018264,5540311.0,0.0,0.0,19.741049341548667
2458385.8921412,b'g',2.105,6.2,26.316639,3.09864e-05,3.0,554.0,3.0,1.0,1.0,354.647,-6.77682,0.994934,8.16308,1.034,0.0,15.062879805088038,0.6258312463760376,ztf_20180924392106_000554_zg_c03_o_q1_scimrefdiffimg.fits,b'ztf_20180924392106_000554_zg_c03_o_q1_diffimgpsf.fits',-6.537961981011435,63.27831597525208,-1.9444052757764504e-10,1.8819120053376323e-09,2458304.9641272104,2458363.905018264,5540311.0,0.0,0.0,20.06607670722587
2458386.9012037,b'r',1.836,6.2,26.25472,1.32931e-05,3.0,554.0,3.0,1.0,2.0,6.61715,-2.31942,-0.999088,356.539,1.032,0.0,15.20287698512077,-0.19332057237625122,ztf_20180925401181_000554_zr_c03_o_q1_scimrefdiffimg.fits,b'ztf_20180925401181_000554_zr_c03_o_q1_diffimgpsf.fits',-14.675474892146973,53.78528976751398,-4.6206616016498623e-10,1.6934622217693133e-09,2458312.9458906366,2458354.9970970717,5540312.0,0.0,0.0,20.180636207346247
2458386.9729514,b'g',2.418,6.2,26.295621,3.88075e-05,3.0,554.0,3.0,1.0,1.0,7.19603,-1.98687,-0.998601,355.714,1.133,0.0,19.347730791568758,0.004514098167419434,ztf_20180925472940_000554_zg_c03_o_q1_scimrefdiffimg.fits,b'ztf_20180925472940_000554_zg_c03_o_q1_diffimgpsf.fits',19.723592096610304,91.00592087406996,5.980501619348602e-10,2.7594418628620546e-09,2458304.9641272104,2458363.905018264,5540311.0,0.0,0.0,19.6505218676849
2458390.757963,b'r',2.025,6.2,26.202949,1.12756e-05,1.0,554.0,3.0,1.0,2.0,55.5978,14.2114,-0.823167,310.266,1.385,0.0,11.902317547512055,-0.3574860095977783,ztf_20180929257963_000554_zr_c03_o_q1_scimrefdiffimg.fits,b'ztf_20180929257963_000554_zr_c03_o_q1_diffimgpsf.fits',-81.98981731754935,44.62849059295331,-2.7075738984283767e-09,1.4737797964560907e-09,2458312.9458906366,2458354.9970970717,5540312.0,0.0,0.0,20.331493492577838
2458390.8775694,b'g',1.976,6.2,26.326966,1.56189e-05,1.0,554.0,3.0,1.0,1.0,56.8237,14.7417,-0.813187,308.783,1.034,0.0,11.745421514511108,0.9201244115829468,ztf_20180929377569_000554_zg_c03_o_q1_scimrefdiffimg.fits,b'ztf_20180929377569_000554_zg_c03_o_q1_diffimgpsf.fits',12.818676195750914,42.77939296915736,3.7762155584013306e-10,1.2602253683897982e-09,2458304.9641272104,2458363.905018264,5540311.0,0.0,0.0,20.501454444826624
2458397.8739699,b'g',2.19,6.2,26.320383,1.24204e-05,1.0,554.0,3.0,1.0,1.0,159.361,11.3513,-0.101783,217.209,1.033,0.0,4.51339950389862,-0.5493916273117065,ztf_20181006373958_000554_zg_c03_o_q1_scimrefdiffimg.fits,b'ztf_20181006373958_000554_zg_c03_o_q1_diffimgpsf.fits',33.032905795716715,17.562216017559372,9.790245421660177e-10,5.205064491244788e-10,2458304.9641272104,2458363.905018264,5540311.0,0.0,0.0,21.46150970208524
2458397.9042824,b'r',2.083,6.2,26.231194,8.1217e-06,1.0,554.0,3.0,1.0,2.0,159.868,11.2444,-0.0996524,216.803,1.054,0.0,5.506146397757529,-0.20186525583267212,ztf_20181006404271_000554_zr_c03_o_q1_scimrefdiffimg.fits,b'ztf_20181006404271_000554_zr_c03_o_q1_diffimgpsf.fits',-6.886860551298564,19.582285969764193,-2.2158669973972614e-10,6.300656284664317e-10,2458312.9458906366,2458354.9970970717,5540312.0,0.0,0.0,21.25411051792136
2458422.7694329,b'g',3.023,6.2,26.305411,1.87474e-05,1.0,554.0,3.0,1.0,1.0,125.324,19.2179,-0.549841,275.721,1.053,0.0,4.518729027938841,0.25633788108825684,ztf_20181031269421_000554_zg_c03_o_q1_scimrefdiffimg.fits,b'ztf_20181031269421_000554_zg_c03_o_q1_diffimgpsf.fits',-28.88309762396222,23.750029504625953,-8.679193444273012e-10,7.13673800182274e-10,2458304.9641272104,2458363.905018264,5540311.0,0.0,0.0,21.118825605209068
2458422.8184144,b'r',2.439,6.2,26.206789,9.4881e-06,1.0,554.0,3.0,1.0,2.0,126.087,19.2011,-0.544251,275.077,1.043,0.0,7.234481379890442,0.9656500816345215,ztf_20181031318414_000554_zr_c03_o_q1_scimrefdiffimg.fits,b'ztf_20181031318414_000554_zr_c03_o_q1_diffimgpsf.fits',-36.95612754325747,33.79293682077607,-1.2161043929347474e-09,1.1120142085148383e-09,2458312.9458906366,2458354.9970970717,5540312.0,0.0,0.0,20.63729914820275
2458425.7342361,b'r',1.589,6.2,24.603368,4.04564e-05,1.0,554.0,3.0,1.0,2.0,166.977,8.89755,-0.2258,236.743,1.095,0.0,9.71621326370239,-0.1659221649169922,ztf_20181103234225_000554_zr_c03_o_q1_scimrefdiffimg.fits,b'ztf_20181103234225_000554_zr_c03_o_q1_diffimgpsf.fits',-48.46383603784162,31.41423669268911,-6.983458983154101e-09,4.5266749751642665e-09,2458312.9458906366,2458354.9970970717,5540312.0,0.0,0.0,19.113126708278674
2458425.8409838,b'g',2.07,6.2,26.3285,1.2415e-05,1.0,554.0,3.0,1.0,1.0,168.805,8.45854,-0.215675,235.344,1.08,0.0,4.989574338483809,0.02677983045578003,ztf_20181103340972_000554_zg_c03_o_q1_scimrefdiffimg.fits,b'ztf_20181103340972_000554_zg_c03_o_q1_diffimgpsf.fits',-18.963712970317445,19.291109528592795,-5.578576247202479e-10,5.674886852254779e-10,2458304.9641272104,2458363.905018264,5540311.0,0.0,0.0,21.367681972043865
2458428.7184028,b'g',2.054,6.2,26.313871,1.12287e-05,1.0,554.0,3.0,1.0,1.0,205.227,-5.6431,-0.0251998,198.268,1.113,0.0,4.835929667043686,-0.34494900703430176,ztf_20181106218391_000554_zg_c03_o_q1_scimrefdiffimg.fits,b'ztf_20181106218391_000554_zg_c03_o_q1_diffimgpsf.fits',-16.714948725114308,19.32950831453021,-4.983754590384465e-10,5.763315663153981e-10,2458304.9641272104,2458363.905018264,5540311.0,0.0,0.0,21.35089397160881
2458428.7542708,b'r',2.012,6.2,26.202927,7.4929e-06,1.0,554.0,3.0,1.0,2.0,205.856,-5.81086,-0.0239711,197.813,1.052,0.0,5.385817454910279,0.20276546478271484,ztf_20181106254271_000554_zr_c03_o_q1_scimrefdiffimg.fits,b'ztf_20181106254271_000554_zr_c03_o_q1_diffimgpsf.fits',17.165437045292297,21.62254796619026,5.668707721833563e-10,7.14062242051185e-10,2458312.9458906366,2458354.9970970717,5540312.0,0.0,0.0,21.1182348161578
2458431.7393056,b'g',4.125,6.2,26.282416,2.36661e-05,1.0,554.0,3.0,1.0,1.0,243.999,-17.6655,0.0268943,161.122,1.059,0.0,5.330921918678284,0.06504571437835693,ztf_20181109239306_000554_zg_c03_o_q1_scimrefdiffimg.fits,b'ztf_20181109239306_000554_zg_c03_o_q1_diffimgpsf.fits',23.989862307615866,39.59654868711101,7.363111130800647e-10,1.2153208078740122e-09,2458304.9641272104,2458363.905018264,5540311.0,0.0,0.0,20.540847655025743
2458431.7739815,b'r',3.237,6.2,26.188838,1.27401e-05,1.0,554.0,3.0,1.0,2.0,244.586,-17.7313,0.0280717,160.71,1.037,0.0,6.651056101703643,-0.34460848569869995,ztf_20181109273970_000554_zr_c03_o_q1_scimrefdiffimg.fits,b'ztf_20181109273970_000554_zr_c03_o_q1_diffimgpsf.fits',84.1453300632555,40.64004510146928,2.8151064270590435e-09,1.3596244985773655e-09,2458312.9458906366,2458354.9970970717,5540312.0,0.0,0.0,20.41902753572193
2458434.6981597,b'r',2.757,6.2,26.213847,8.9221e-06,1.0,554.0,3.0,1.0,2.0,282.814,-21.9739,0.198278,127.117,1.122,0.0,6.527252528953552,-0.22721052169799805,ztf_20181112198160_000554_zr_c03_o_q1_scimrefdiffimg.fits,b'ztf_20181112198160_000554_zr_c03_o_q1_diffimgpsf.fits',41.71961384327716,32.982347089548924,1.3639595154582338e-09,1.0783078272575145e-09,2458312.9458906366,2458354.9970970717,5540312.0,0.0,0.0,20.670718094928738
2458434.7666204,b'g',3.226,6.2,26.31906,1.73236e-05,1.0,554.0,3.0,1.0,1.0,283.734,-21.8467,0.20361,126.355,1.037,0.0,4.658568007946014,-0.15560615062713623,ztf_20181112266620_000554_zg_c03_o_q1_scimrefdiffimg.fits,b'ztf_20181112266620_000554_zg_c03_o_q1_diffimgpsf.fits',19.333403373089872,27.527416814238677,5.736992896979675e-10,8.168483928971193e-10,2458304.9641272104,2458363.905018264,5540311.0,0.0,0.0,20.972221341825158
2458437.7461227,b'g',2.606,6.2,26.336787,1.64906e-05,1.0,554.0,3.0,1.0,1.0,321.074,-17.4208,0.466159,93.8809,1.04,0.0,6.099143906354902,-0.3431151509284973,ztf_20181115246111_000554_zg_c03_o_q1_scimrefdiffimg.fits,b'ztf_20181115246111_000554_zg_c03_o_q1_diffimgpsf.fits',7.111535190929222,30.3913306137892,2.0761014102662414e-10,8.872273377488487e-10,2458304.9641272104,2458363.905018264,5540311.0,0.0,0.0,20.882487701475824
2458437.7976852,b'r',2.348,6.2,26.244075,7.927e-06,1.0,554.0,3.0,1.0,2.0,321.624,-17.2102,0.471032,93.3214,1.063,0.0,5.961368310642241,0.0894855260848999,ztf_20181115297674_000554_zr_c03_o_q1_scimrefdiffimg.fits,b'ztf_20181115297674_000554_zr_c03_o_q1_diffimgpsf.fits',17.44014696810229,25.81536932608689,5.545237358175408e-10,8.208207801555623e-10,2458312.9458906366,2458354.9970970717,5540312.0,0.0,0.0,20.966954132555365
2458440.7352083,b'g',1.712,6.2,23.571446,0.0023333102,1.0,554.0,3.0,1.0,1.0,356.368,-6.56028,0.742126,61.0365,1.041,0.0,19.96172422904968,-0.5559678077697754,ztf_20181118235208_000554_zg_c03_o_q1_scimrefdiffimg.fits,b'ztf_20181118235208_000554_zg_c03_o_q1_diffimgpsf.fits',-11.676300786636771,65.73165126842417,-4.352380682563699e-09,2.450169752285198e-08,2458304.9641272104,2458363.905018264,5540311.0,0.0,0.0,17.27958455383344
2458447.8327894,b'r',2.954,6.2,26.205242,1.92641e-05,1.0,554.0,3.0,1.0,2.0,90.9866,20.742,-0.943807,332.575,1.238,0.0,10.709904462051393,-0.503408670425415,ztf_20181125332778_000554_zr_c03_o_q1_scimrefdiffimg.fits,b'ztf_20181125332778_000554_zr_c03_o_q1_diffimgpsf.fits',59.67414759748882,59.66450966325157,1.966479503470722e-09,1.966161898906229e-09,2458312.9458906366,2458354.9970970717,5540312.0,0.0,0.0,20.018526799383682
2458450.7709491,b'g',2.205,6.2,24.29808,0.0001140287,1.0,554.0,3.0,1.0,1.0,136.607,17.598,-0.696507,293.142,1.077,0.0,9.019755711364745,-0.418595552444458,ztf_20181128270949_000554_zg_c03_o_q1_scimrefdiffimg.fits,b'ztf_20181128270949_000554_zg_c03_o_q1_diffimgpsf.fits',-4.224955871856634,38.08579704424457,-8.064736408139579e-10,7.269943719947155e-09,2458304.9641272104,2458363.905018264,5540311.0,0.0,0.0,18.598747367174326
2458450.844838,b'r',2.053,6.2,26.112796,1.18414e-05,1.0,554.0,3.0,1.0,2.0,137.605,17.4905,-0.688565,292.156,1.346,0.0,9.358567325782776,7.8166913986206055,ztf_20181128344780_000554_zr_c03_o_q1_scimrefdiffimg.fits,b'ztf_20181128344780_000554_zr_c03_o_q1_diffimgpsf.fits',-14.678211579984069,38.266155184142065,-5.266896008481568e-10,1.3730818560749792e-09,2458312.9458906366,2458354.9970970717,5540312.0,0.0,0.0,20.40833391813287
2458455.8051157,b'r',3.263,6.2,26.202494,1.71871e-05,1.0,554.0,3.0,1.0,2.0,203.672,-4.6103,-0.166655,228.188,1.212,0.0,6.010150126647949,-0.5609521865844727,ztf_20181203305116_000554_zr_c03_o_q1_scimrefdiffimg.fits,b'ztf_20181203305116_000554_zr_c03_o_q1_diffimgpsf.fits',9.98347313066639,34.158424732523684,3.2982536629045844e-10,1.12849654643967e-09,2458312.9458906366,2458354.9970970717,5540312.0,0.0,0.0,20.621324403320425
2458461.7621065,b'r',1.953,6.2,26.220502,6.1474e-06,3.0,554.0,3.0,1.0,2.0,279.426,-21.8851,0.0367225,157.904,1.123,0.0,5.927513223648069,0.4630211591720581,ztf_20181209262106_000554_zr_c03_o_q1_scimrefdiffimg.fits,b'ztf_20181209262106_000554_zr_c03_o_q1_diffimgpsf.fits',-10.08359002939979,21.97746330291521,-3.276531746098927e-10,7.141291544084635e-10,2458312.9458906366,2458354.9970970717,5540312.0,0.0,0.0,21.118133080257305
2458461.763044,b'r',1.945,6.2,26.225307,6.62e-06,1.0,554.0,3.0,1.0,2.0,279.442,-21.8842,0.0367455,157.897,1.125,0.0,5.834111897277831,0.12818539142608643,ztf_20181209263021_000554_zr_c03_o_q1_scimrefdiffimg.fits,b'ztf_20181209263021_000554_zr_c03_o_q1_diffimgpsf.fits',-11.822653627477747,21.84477125630371,-3.824654119575741e-10,7.06683093403718e-10,2458312.9458906366,2458354.9970970717,5540312.0,0.0,0.0,21.129513235577058
2458462.7628935,b'g',2.803,6.2,25.460054,3.30404e-05,3.0,554.0,3.0,1.0,1.0,292.373,-21.6233,0.0817977,146.762,1.132,0.0,7.2614484207153325,-0.08529865741729736,ztf_20181210262882_000554_zg_c03_o_q1_scimrefdiffimg.fits,b'ztf_20181210262882_000554_zg_c03_o_q1_diffimgpsf.fits',3.6285338604034267,31.235621236184585,2.375251385792085e-10,2.0446950609285165e-09,2458304.9641272104,2458363.905018264,5540311.0,0.0,0.0,19.976003619341782
2458462.7886458,b'r',2.191,6.2,25.027691,3.18536e-05,3.0,554.0,3.0,1.0,2.0,292.784,-21.5687,0.0831746,146.476,1.224,0.0,9.462607886886598,-0.016156435012817383,ztf_20181210288646_000554_zr_c03_o_q1_scimrefdiffimg.fits,b'ztf_20181210288646_000554_zr_c03_o_q1_diffimgpsf.fits',67.04639078299505,36.989669177642945,6.535803762573858e-09,3.60582003753058e-09,2458312.9458906366,2458354.9970970717,5540312.0,0.0,0.0,19.36006486972876
2458464.7789931,b'r',2.397,6.2,26.200598,1.06977e-05,1.0,554.0,3.0,1.0,2.0,317.545,-18.2657,0.214988,124.752,1.206,0.0,5.640080414199828,0.14974164962768555,ztf_20181212278981_000554_zr_c03_o_q1_scimrefdiffimg.fits,b'ztf_20181212278981_000554_zr_c03_o_q1_diffimgpsf.fits',-26.016942909341346,24.741585269122325,-8.610275823338539e-10,8.188197753577661e-10,2458312.9458906366,2458354.9970970717,5540312.0,0.0,0.0,20.969604182197198
2458464.7799537,b'r',2.156,6.2,26.197075,8.0036e-06,3.0,554.0,3.0,1.0,2.0,317.558,-18.262,0.215038,124.745,1.21,0.0,6.445691249942779,0.03851962089538574,ztf_20181212279919_000554_zr_c03_o_q1_scimrefdiffimg.fits,b'ztf_20181212279919_000554_zr_c03_o_q1_diffimgpsf.fits',9.878039125638939,26.860260566384106,3.2797500096423286e-10,8.918261886942994e-10,2458312.9458906366,2458354.9970970717,5540312.0,0.0,0.0,20.87687443574847
2458465.7704514,b'r',3.106,6.2,26.225945,9.4251e-06,3.0,554.0,3.0,1.0,2.0,329.355,-15.4793,0.296282,114.044,1.183,0.0,6.242086517572402,-0.6111465692520142,ztf_20181213270440_000554_zr_c03_o_q1_scimrefdiffimg.fits,b'ztf_20181213270440_000554_zr_c03_o_q1_diffimgpsf.fits',-4.040720851331603,32.93152092981778,-1.30641406895557e-10,1.0647160206740185e-09,2458312.9458906366,2458354.9970970717,5540312.0,0.0,0.0,20.68449051690631
2458466.7454861,b'r',2.188,6.2,25.664713,1.64938e-05,3.0,554.0,3.0,1.0,2.0,340.719,-12.1589,0.383305,103.497,1.115,0.0,10.718812415409088,0.1731656789779663,ztf_20181214245475_000554_zr_c03_o_q1_scimrefdiffimg.fits,b'ztf_20181214245475_000554_zr_c03_o_q1_diffimgpsf.fits',5.396855291150231,42.568709751662055,2.9258736869559696e-10,2.307837824640644e-09,2458312.9458906366,2458354.9970970717,5540312.0,0.0,0.0,19.844561771644706
2458468.7571412,b'r',1.803,6.2,26.225097,7.3207e-06,3.0,554.0,3.0,1.0,2.0,3.77237,-3.83536,0.57529,81.3394,1.165,0.0,8.194827565956116,0.43335139751434326,ztf_20181216257118_000554_zr_c03_o_q1_scimrefdiffimg.fits,b'ztf_20181216257118_000554_zr_c03_o_q1_diffimgpsf.fits',-37.57851483708981,28.681728913870778,-1.2159082693476599e-09,9.280396396215042e-10,2458312.9458906366,2458354.9970970717,5540312.0,0.0,0.0,20.83365867226253
2458468.7580556,b'r',1.885,6.2,26.214285,8.6599e-06,1.0,554.0,3.0,1.0,2.0,3.78047,-3.83101,0.575411,81.3254,1.168,0.0,8.336144697856898,-0.18795156478881836,ztf_20181216258056_000554_zr_c03_o_q1_scimrefdiffimg.fits,b'ztf_20181216258056_000554_zr_c03_o_q1_diffimgpsf.fits',-6.52692167528415,28.844353687191784,-2.133017414146896e-10,9.42642056632524e-10,2458312.9458906366,2458354.9970970717,5540312.0,0.0,0.0,20.816707958642567
2458468.7965741,b'g',2.236,6.2,26.281164,2.02478e-05,1.0,554.0,3.0,1.0,1.0,4.14152,-3.64739,0.57915,80.8918,1.352,0.0,8.831434212303162,0.6372859477996826,ztf_20181216296516_000554_zg_c03_o_q1_scimrefdiffimg.fits,b'ztf_20181216296516_000554_zg_c03_o_q1_diffimgpsf.fits',-114.8562350929372,36.94566242077867,-3.52930325207006e-09,1.1352665934519205e-09,2458304.9641272104,2458363.905018264,5540311.0,0.0,0.0,20.614830343112956
2458469.6635417,b'g',1.705,6.2,26.218401,1.95541e-05,3.0,554.0,3.0,1.0,1.0,14.7189,0.322348,0.662709,71.0091,1.038,0.0,11.41982196807861,-1.0202968120574951,ztf_20181217163542_000554_zg_c03_o_q1_scimrefdiffimg.fits,b'ztf_20181217163542_000554_zg_c03_o_q1_diffimgpsf.fits',-25.308255166250234,44.12433662735851,-8.239517955900212e-10,1.4365402180610707e-09,2458304.9641272104,2458363.905018264,5540311.0,0.0,0.0,20.359280516128948
2458469.6933681,b'r',1.625,6.2,26.141171,1.67547e-05,3.0,554.0,3.0,1.0,2.0,14.9318,0.461708,0.665534,70.6664,1.045,0.0,12.980229516983034,1.1643296480178833,ztf_20181217193275_000554_zr_c03_o_q1_scimrefdiffimg.fits,b'ztf_20181217193275_000554_zr_c03_o_q1_diffimgpsf.fits',-27.205902408232355,42.74724216144129,-9.510311364810917e-10,1.4943065547381724e-09,2458312.9458906366,2458354.9970970717,5540312.0,0.0,0.0,20.3164757354648
2458472.6176042,b'r',1.63,6.2,26.22407,1.36706e-05,1.0,554.0,3.0,1.0,2.0,52.4527,13.6616,0.909068,35.1013,1.073,0.0,13.850477093505857,-0.09743797779083252,ztf_20181220117604_000554_zr_c03_o_q1_scimrefdiffimg.fits,b'ztf_20181220117604_000554_zr_c03_o_q1_diffimgpsf.fits',-54.3455858112434,49.98936621713001,-1.7600956700187705e-09,1.6190103707704062e-09,2458312.9458906366,2458354.9970970717,5540312.0,0.0,0.0,20.22945091243721
2458472.6185301,b'r',1.813,6.2,26.218002,1.29636e-05,3.0,554.0,3.0,1.0,2.0,52.4616,13.666,0.909103,35.0944,1.072,0.0,14.672313435649873,-1.6387301683425903,ztf_20181220118530_000554_zr_c03_o_q1_scimrefdiffimg.fits,b'ztf_20181220118530_000554_zr_c03_o_q1_diffimgpsf.fits',-23.587639876207987,55.29187698885511,-7.682166021164181e-10,1.8007794797822236e-09,2458312.9458906366,2458354.9970970717,5540312.0,0.0,0.0,20.1139236562747
2458472.6691782,b'g',2.472,6.2,26.361366,2.24843e-05,1.0,554.0,3.0,1.0,1.0,52.9276,13.8962,0.91234,34.4439,1.038,0.0,15.565395531654358,0.07823836803436279,ztf_20181220169144_000554_zg_c03_o_q1_scimrefdiffimg.fits,b'ztf_20181220169144_000554_zg_c03_o_q1_diffimgpsf.fits',-49.993299691025825,66.87666404834914,-1.4268075616160384e-09,1.908658371441774e-09,2458304.9641272104,2458363.905018264,5540311.0,0.0,0.0,20.050754485455723
2458472.6728819,b'g',1.613,6.2,26.327574,1.70264e-05,3.0,554.0,3.0,1.0,1.0,52.9603,13.9124,0.912616,34.388,1.039,0.0,14.626175706386565,0.2482013702392578,ztf_20181220172859_000554_zg_c03_o_q1_scimrefdiffimg.fits,b'ztf_20181220172859_000554_zg_c03_o_q1_diffimgpsf.fits',-13.613039110122244,51.86409645412845,-4.007979506519493e-10,1.5269935980679878e-09,2458304.9641272104,2458363.905018264,5540311.0,0.0,0.0,20.292981948466466
2458472.6992593,b'g',1.962,6.2,26.339823,2.23988e-05,1.0,554.0,3.0,1.0,1.0,53.1901,14.0243,0.914264,34.0522,1.06,0.0,15.731641411590573,-0.5596778392791748,ztf_20181220199248_000554_zg_c03_o_q1_scimrefdiffimg.fits,b'ztf_20181220199248_000554_zg_c03_o_q1_diffimgpsf.fits',62.44729461314828,60.382016940575255,1.8179604393275792e-09,1.757836248147822e-09,2458304.9641272104,2458363.905018264,5540311.0,0.0,0.0,20.140128949741825
2458474.6028356,b'g',2.423,6.2,26.361773,2.87585e-05,3.0,554.0,3.0,1.0,1.0,81.6181,19.6839,0.993912,8.95036,1.09,0.0,15.971809643936156,-0.11895287036895752,ztf_20181222102801_000554_zg_c03_o_q1_scimrefdiffimg.fits,b'ztf_20181222102801_000554_zg_c03_o_q1_diffimgpsf.fits',-23.522557209571318,65.92634047905287,-6.71081603323584e-10,1.8808309775908652e-09,2458304.9641272104,2458363.905018264,5540311.0,0.0,0.0,20.06670056646932
2458474.6669907,b'r',1.99,6.2,26.257398,9.7399e-06,3.0,554.0,3.0,1.0,2.0,82.4312,19.9034,0.995033,8.08309,1.039,0.0,12.772882984256743,0.6816592216491699,ztf_20181222166956_000554_zr_c03_o_q1_scimrefdiffimg.fits,b'ztf_20181222166956_000554_zr_c03_o_q1_diffimgpsf.fits',-54.64185477057288,44.83781287327866,-1.7161934205925365e-09,1.4082677056731207e-09,2458312.9458906366,2458354.9970970717,5540312.0,0.0,0.0,20.380861938711924
2458475.598044,b'g',2.088,6.2,26.345115,2.54132e-05,1.0,554.0,3.0,1.0,1.0,97.2414,20.8842,-0.998377,355.382,1.094,0.0,13.516204022598266,-0.21517276763916016,ztf_20181223098009_000554_zg_c03_o_q1_scimrefdiffimg.fits,b'ztf_20181223098009_000554_zg_c03_o_q1_diffimgpsf.fits',-99.20244190336665,51.80721176539324,-2.8739311695395175e-09,1.5008739502005123e-09,2458304.9641272104,2458363.905018264,5540311.0,0.0,0.0,20.311714439482927
2458475.5998727,b'g',2.26,6.2,26.33813,2.39087e-05,3.0,554.0,3.0,1.0,1.0,97.2699,20.8886,-0.998362,355.361,1.091,0.0,14.594963522338865,-0.2792513370513916,ztf_20181223099873_000554_zg_c03_o_q1_scimrefdiffimg.fits,b'ztf_20181223099873_000554_zg_c03_o_q1_diffimgpsf.fits',-115.72270113895112,59.91260456932035,-3.3741669110021573e-09,1.7468925809974374e-09,2458304.9641272104,2458363.905018264,5540311.0,0.0,0.0,20.146909488171385
2458475.7976273,b'r',2.089,6.2,26.210173,1.15666e-05,3.0,554.0,3.0,1.0,2.0,99.7859,21.2421,-0.99588,352.64,1.503,0.0,13.923998783826828,0.05282235145568848,ztf_20181223297593_000554_zr_c03_o_q1_scimrefdiffimg.fits,b'ztf_20181223297593_000554_zr_c03_o_q1_diffimgpsf.fits',85.17597736482854,51.98728972604697,2.7941384755802366e-09,1.705406747076475e-09,2458312.9458906366,2458354.9970970717,5540312.0,0.0,0.0,20.173005047050538
2458475.798588,b'r',2.204,6.2,26.175817,1.26024e-05,1.0,554.0,3.0,1.0,2.0,99.7961,21.2429,-0.995865,352.626,1.512,0.0,14.79900927448272,-0.7135782837867737,ztf_20181223298553_000554_zr_c03_o_q1_scimrefdiffimg.fits,b'ztf_20181223298553_000554_zr_c03_o_q1_diffimgpsf.fits',113.46667307230732,57.25294123282442,3.84185987954802e-09,1.938523198142395e-09,2458312.9458906366,2458354.9970970717,5540312.0,0.0,0.0,20.03389748281123
2458481.798206,b'r',3.132,6.2,26.143085,1.55862e-05,1.0,554.0,3.0,1.0,2.0,188.339,1.54056,-0.51249,271.431,1.677,0.0,7.314011148834229,0.8628909587860107,ztf_20181229298206_000554_zr_c03_o_q1_scimrefdiffimg.fits,b'ztf_20181229298206_000554_zr_c03_o_q1_diffimgpsf.fits',36.87054970195409,41.05889016185857,1.2866061189931711e-09,1.4327592008454746e-09,2458312.9458906366,2458354.9970970717,5540312.0,0.0,0.0,20.36214197396838
2458486.6214005,b'r',2.129,6.2,26.22726,6.5264e-06,3.0,554.0,3.0,1.0,2.0,247.757,-18.3097,-0.0820119,213.282,1.037,0.0,6.245776115655898,0.41549187898635864,ztf_20190103121389_000554_zr_c03_o_q1_scimrefdiffimg.fits,b'ztf_20190103121389_000554_zr_c03_o_q1_diffimgpsf.fits',33.2668736683091,25.314272129612036,1.0742564970471733e-09,8.174504636427595e-10,2458312.9458906366,2458354.9970970717,5540312.0,0.0,0.0,20.971421377934437
2458487.616794,b'r',1.594,6.2,26.219547,6.9905e-06,3.0,554.0,3.0,1.0,2.0,260.497,-20.5003,-0.0362054,201.938,1.038,0.0,5.451779756546019,0.4973642826080322,ztf_20190104116794_000554_zr_c03_o_q1_scimrefdiffimg.fits,b'ztf_20190104116794_000554_zr_c03_o_q1_diffimgpsf.fits',-15.446158228024965,19.029059349242495,-5.02344532030585e-10,6.188687033235371e-10,2458312.9458906366,2458354.9970970717,5540312.0,0.0,0.0,21.273578687572375
2458487.676956,b'g',2.113,6.2,26.336346,1.33549e-05,3.0,554.0,3.0,1.0,1.0,261.5,-20.5361,-0.034004,201.252,1.09,0.0,5.302831373023984,0.2461857795715332,ztf_20190104176840_000554_zg_c03_o_q1_scimrefdiffimg.fits,b'ztf_20190104176840_000554_zg_c03_o_q1_diffimgpsf.fits',-23.58772367567309,20.895696486405505,-6.888864325038186e-10,6.10264983875317e-10,2458304.9641272104,2458363.905018264,5540311.0,0.0,0.0,21.28877886045889
2458490.6231713,b'g',3.04,6.2,26.334023,1.66507e-05,3.0,554.0,3.0,1.0,1.0,299.402,-21.1914,0.0101491,168.436,1.033,0.0,5.074418997216224,-0.28539425134658813,ztf_20190107123171_000554_zg_c03_o_q1_scimrefdiffimg.fits,b'ztf_20190107123171_000554_zg_c03_o_q1_diffimgpsf.fits',-5.230661560199138,27.266877424087895,-1.530902106922115e-10,7.980428406137339e-10,2458304.9641272104,2458363.905018264,5540311.0,0.0,0.0,20.99750947462164
2458490.6634375,b'r',2.555,6.2,26.246601,7.1096e-06,3.0,554.0,3.0,1.0,2.0,299.954,-21.0732,0.0109344,167.995,1.074,0.0,6.497785591793061,0.5116143226623535,ztf_20190107163426_000554_zr_c03_o_q1_scimrefdiffimg.fits,b'ztf_20190107163426_000554_zr_c03_o_q1_diffimgpsf.fits',4.398496008898893,27.097869910916373,1.3952878171472357e-10,8.595967276284673e-10,2458312.9458906366,2458354.9970970717,5540312.0,0.0,0.0,20.91683810535831
2458491.6088194,b'r',2.332,6.2,26.226652,7.3207e-06,3.0,554.0,3.0,1.0,2.0,311.801,-19.5427,0.0375337,157.658,1.032,0.0,6.244261275434491,0.18189406394958496,ztf_20190108108808_000554_zr_c03_o_q1_scimrefdiffimg.fits,b'ztf_20190108108808_000554_zr_c03_o_q1_diffimgpsf.fits',23.69004039204189,26.766604270139613,7.654291564738223e-10,8.648334485494937e-10,2458312.9458906366,2458354.9970970717,5540312.0,0.0,0.0,20.91024379373613
2458491.6768171,b'g',2.624,6.2,26.310992,1.82748e-05,3.0,554.0,3.0,1.0,1.0,312.64,-19.2911,0.0400317,156.917,1.108,0.0,4.876271659898757,-0.09898418188095093,ztf_20190108176748_000554_zg_c03_o_q1_scimrefdiffimg.fits,b'ztf_20190108176748_000554_zg_c03_o_q1_diffimgpsf.fits',37.73983050269648,24.181752191110895,1.1282442927990498e-09,7.229212093829024e-10,2458304.9641272104,2458363.905018264,5540311.0,0.0,0.0,21.104847573015185
2458492.6387037,b'r',1.411,6.2,24.485049,0.0002125649,3.0,554.0,3.0,1.0,2.0,324.334,-16.9096,0.0831795,146.475,1.047,0.0,13.078007820034017,0.016052961349487305,ztf_20190109138692_000554_zr_c03_o_q1_scimrefdiffimg.fits,b'ztf_20190109138692_000554_zr_c03_o_q1_diffimgpsf.fits',52.40478827134919,40.95121768533721,8.420761569694681e-09,6.580323331408326e-09,2458312.9458906366,2458354.9970970717,5540312.0,0.0,0.0,18.706956904974405
2458492.6742245,b'g',2.462,6.2,25.591437,3.36219e-05,3.0,554.0,3.0,1.0,1.0,324.738,-16.7588,0.085077,146.083,1.108,0.0,6.633975017166138,-0.23530328273773193,ztf_20190109174225_000554_zg_c03_o_q1_scimrefdiffimg.fits,b'ztf_20190109174225_000554_zg_c03_o_q1_diffimgpsf.fits',3.4592967663939156,28.87949205350975,2.0063792186004228e-10,1.6749997647845213e-09,2458304.9641272104,2458363.905018264,5540311.0,0.0,0.0,20.192538113194644
2458493.6117361,b'r',2.042,6.2,26.232738,6.8885e-06,3.0,554.0,3.0,1.0,2.0,335.896,-13.834,0.1406,135.955,1.033,0.0,6.219041610836983,-0.33902299404144287,ztf_20190110111725_000554_zr_c03_o_q1_scimrefdiffimg.fits,b'ztf_20190110111725_000554_zr_c03_o_q1_diffimgpsf.fits',-15.885639578136697,23.978133406335218,-5.103986356748404e-10,7.704069147819872e-10,2458312.9458906366,2458354.9970970717,5540312.0,0.0,0.0,21.035774558807155
2458493.6714815,b'g',2.602,6.2,26.33617,1.56995e-05,3.0,554.0,3.0,1.0,1.0,336.48,-13.5641,0.14457,135.305,1.108,0.0,5.0622533965110765,-0.03251659870147705,ztf_20190110171470_000554_zg_c03_o_q1_scimrefdiffimg.fits,b'ztf_20190110171470_000554_zg_c03_o_q1_diffimgpsf.fits',-12.670555304125017,22.664057832101975,-3.701072979820112e-10,6.620178046253856e-10,2458304.9641272104,2458363.905018264,5540311.0,0.0,0.0,21.20040081485611
2458495.6616898,b'g',2.372,6.2,25.753701,3.26543e-05,3.0,554.0,3.0,1.0,1.0,359.209,-5.73497,0.299081,113.693,1.098,0.0,7.812210560703277,-0.6394663453102112,ztf_20190112161609_000554_zg_c03_o_q1_scimrefdiffimg.fits,b'ztf_20190112161609_000554_zg_c03_o_q1_diffimgpsf.fits',-11.029955655367761,33.38542849418049,-5.50926124039183e-10,1.6675411302894215e-09,2458304.9641272104,2458363.905018264,5540311.0,0.0,0.0,20.197383602422462
2458503.6741782,b'g',2.339,6.2,26.262888,2.82709e-05,3.0,554.0,3.0,1.0,1.0,106.94,21.2676,0.983761,14.6425,1.204,0.0,14.665113775253293,0.17207837104797363,ztf_20190120174167_000554_zg_c03_o_q1_scimrefdiffimg.fits,b'ztf_20190120174167_000554_zg_c03_o_q1_diffimgpsf.fits',84.1348848267694,67.69881276885343,2.6291835390190865e-09,2.1155624638065382e-09,2458304.9641272104,2458363.905018264,5540311.0,0.0,0.0,19.939010357220447
2458505.6750347,b'g',3.85,6.2,26.290299,4.42223e-05,3.0,554.0,3.0,1.0,1.0,139.127,17.3372,-0.986124,346.47,1.232,0.0,13.909049492263795,0.41916418075561523,ztf_20190122175000_000554_zg_c03_o_q1_scimrefdiffimg.fits,b'ztf_20190122175000_000554_zg_c03_o_q1_diffimgpsf.fits',1.6424311465718997,93.78468021744325,5.004579265690557e-11,2.8576714892152024e-09,2458304.9641272104,2458363.905018264,5540311.0,0.0,0.0,19.612544234374294
2458509.6500231,b'g',4.04,6.2,26.282638,2.29717e-05,3.0,554.0,3.0,1.0,1.0,195.319,-1.26056,-0.687757,292.056,1.175,0.0,5.912627779626845,-0.16969579458236694,ztf_20190126150023_000554_zg_c03_o_q1_scimrefdiffimg.fits,b'ztf_20190126150023_000554_zg_c03_o_q1_diffimgpsf.fits',78.31306503551102,41.73746167134796,2.403139720770503e-09,1.280769077549296e-09,2458304.9641272104,2458363.905018264,5540311.0,0.0,0.0,20.48389790520911
2458510.6600579,b'g',2.947,6.2,26.2273,1.918e-05,3.0,554.0,3.0,1.0,1.0,208.251,-6.20045,-0.579526,279.152,1.226,0.0,6.599507403731346,0.27110904455184937,ztf_20190127160046_000554_zg_c03_o_q1_scimrefdiffimg.fits,b'ztf_20190127160046_000554_zg_c03_o_q1_diffimgpsf.fits',-10.193397815301807,35.16254329416621,-3.2915387607036483e-10,1.1354297779435687e-09,2458304.9641272104,2458363.905018264,5540311.0,0.0,0.0,20.61467428939025
2458511.6435417,b'g',3.023,6.2,26.273604,2.10254e-05,3.0,554.0,3.0,1.0,1.0,220.529,-10.5845,-0.473859,267.003,1.171,0.0,5.576495678305626,-0.08589744567871094,ztf_20190128143542_000554_zg_c03_o_q1_scimrefdiffimg.fits,b'ztf_20190128143542_000554_zg_c03_o_q1_diffimgpsf.fits',15.342085367127883,30.05332264995396,4.747257561727558e-10,9.299313606851106e-10,2458304.9641272104,2458363.905018264,5540311.0,0.0,0.0,20.831447754269238
2458514.6655324,b'g',1.694,6.2,26.238296,1.18115e-05,3.0,554.0,3.0,1.0,1.0,258.617,-19.9852,-0.190904,231.816,1.308,0.0,4.936465985774994,0.08282023668289185,ztf_20190131165509_000554_zg_c03_o_q1_scimrefdiffimg.fits,b'ztf_20190131165509_000554_zg_c03_o_q1_diffimgpsf.fits',-2.6420050417989405,18.23608248320471,-8.44530312210837e-11,5.829256261591421e-10,2458304.9641272104,2458363.905018264,5540311.0,0.0,0.0,21.33854211945426
2458522.6453588,b'g',2.461,6.2,26.245863,1.52925e-05,3.0,554.0,3.0,1.0,1.0,355.966,-6.80998,0.0933262,144.424,1.318,0.0,6.49182848958969,-0.27501219511032104,ztf_20190208145359_000554_zg_c03_o_q1_scimrefdiffimg.fits,b'ztf_20190208145359_000554_zg_c03_o_q1_diffimgpsf.fits',3.6041896189901337,30.695525184117738,1.1440959057704618e-10,9.74383381596643e-10,2458304.9641272104,2458363.905018264,5540311.0,0.0,0.0,20.78075031833949
2458523.6664005,b'r',1.745,6.2,26.161727,9.8203e-06,3.0,554.0,3.0,1.0,2.0,7.41839,-2.39925,0.157601,133.22,1.487,0.0,7.803582861280441,-0.6885252594947815,ztf_20190209166389_000554_zr_c03_o_q1_scimrefdiffimg.fits,b'ztf_20190209166389_000554_zr_c03_o_q1_diffimgpsf.fits',-20.139163315714377,28.26523892588424,-6.907972877871572e-10,9.695313595191265e-10,2458312.9458906366,2458354.9970970717,5540312.0,0.0,0.0,20.786170336887064
2458534.6310301,b'g',3.025,6.2,26.200601,5.44994e-05,3.0,554.0,3.0,1.0,1.0,161.844,11.2173,-0.996319,353.044,1.443,0.0,17.0896805975914,-0.3370494842529297,ztf_20190220131019_000554_zg_c03_o_q1_scimrefdiffimg.fits,b'ztf_20190220131019_000554_zg_c03_o_q1_diffimgpsf.fits',-93.49709836539554,93.52535230144429,-3.0942666247146335e-09,3.095201686627996e-09,2458304.9641272104,2458363.905018264,5540311.0,0.0,0.0,19.525852605740713
2458539.6330093,b'g',1.971,6.2,26.189003,1.69335e-05,3.0,554.0,3.0,1.0,1.0,229.429,-13.4963,-0.640324,286.299,1.583,0.0,6.762288218307495,0.4427978992462158,ztf_20190225132998_000554_zg_c03_o_q1_scimrefdiffimg.fits,b'ztf_20190225132998_000554_zg_c03_o_q1_diffimgpsf.fits',-11.395644234306555,26.432783980477787,-3.811866500591258e-10,8.841820760909135e-10,2458304.9641272104,2458363.905018264,5540311.0,0.0,0.0,20.886220722274192
2458540.6150926,b'r',1.607,6.2,26.157556,1.09862e-05,3.0,554.0,3.0,1.0,2.0,241.991,-16.8726,-0.538985,274.472,1.447,0.0,8.826660050821305,0.2582014203071594,ztf_20190226115081_000554_zr_c03_o_q1_scimrefdiffimg.fits,b'ztf_20190226115081_000554_zr_c03_o_q1_diffimgpsf.fits',-41.02490014311374,30.209120281852023,-1.412619290561296e-09,1.040197195269048e-09,2458312.9458906366,2458354.9970970717,5540312.0,0.0,0.0,20.709785793078822
2458540.6423843,b'g',2.146,6.2,26.133371,1.71629e-05,3.0,554.0,3.0,1.0,1.0,242.47,-16.9701,-0.536185,274.15,1.721,0.0,7.804067655205726,0.095306396484375,ztf_20190226142373_000554_zg_c03_o_q1_scimrefdiffimg.fits,b'ztf_20190226142373_000554_zg_c03_o_q1_diffimgpsf.fits',13.707495030418034,34.65549597146849,4.826248693931287e-10,1.2201794843037001e-09,2458304.9641272104,2458363.905018264,5540311.0,0.0,0.0,20.536515692576806
2458678.9378009,b'g',2.214,6.2,26.179194,1.64703e-05,3.0,554.0,3.0,1.0,1.0,262.017,-21.7069,0.939501,28.4778,1.663,0.0,10.079024629354475,0.26318788528442383,ztf_20190714437743_000554_zg_c03_o_q1_scimrefdiffimg.fits,b'ztf_20190714437743_000554_zg_c03_o_q1_diffimgpsf.fits',11.258548975116003,40.04587899706551,3.8001857172774444e-10,1.3516997415760242e-09,2458304.9641272104,2458363.905018264,5540311.0,0.0,0.0,20.425374412251685
2458679.9547454,b'g',2.717,6.2,26.206212,2.73688e-05,3.0,554.0,3.0,1.0,1.0,275.821,-22.9166,0.979052,16.6437,1.47,0.0,11.345235760498047,0.12236988544464111,ztf_20190715454745_000554_zg_c03_o_q1_scimrefdiffimg.fits,b'ztf_20190715454745_000554_zg_c03_o_q1_diffimgpsf.fits',-47.74396762298218,53.7788488185035,-1.5719318259854365e-09,1.7706254476249414e-09,2458304.9641272104,2458363.905018264,5540311.0,0.0,0.0,20.132258235017883
2458680.9332639,b'r',2.617,6.2,26.119061,1.62177e-05,3.0,554.0,3.0,1.0,2.0,289.172,-23.0244,0.99776,5.42517,1.652,0.0,12.896042899703978,0.3222280740737915,ztf_20190716433264_000554_zr_c03_o_q1_scimrefdiffimg.fits,b'ztf_20190716433264_000554_zr_c03_o_q1_diffimgpsf.fits',82.91532728260064,62.97333851432511,2.958083434173843e-09,2.246633952911663e-09,2458312.9458906366,2458354.9970970717,5540312.0,0.0,0.0,19.873744194160928
2458681.9565625,b'r',2.194,6.2,26.156638,9.0503e-06,3.0,554.0,3.0,1.0,2.0,302.723,-21.9359,-0.997116,353.843,1.413,0.0,11.740159770965576,-0.5361769199371338,ztf_20190717456563_000554_zr_c03_o_q1_scimrefdiffimg.fits,b'ztf_20190717456563_000554_zr_c03_o_q1_diffimgpsf.fits',-14.306699946092621,46.11664003794555,-4.930424000544214e-10,1.5892874647895634e-09,2458312.9458906366,2458354.9970970717,5540312.0,0.0,0.0,20.24956884418987
2458681.9904167,b'g',2.437,6.2,26.270158,3.31419e-05,3.0,554.0,3.0,1.0,1.0,303.044,-21.839,-0.996745,353.458,1.22,0.0,16.365403547286984,-0.17761015892028809,ztf_20190717490405_000554_zg_c03_o_q1_scimrefdiffimg.fits,b'ztf_20190717490405_000554_zg_c03_o_q1_diffimgpsf.fits',-47.44805020973141,70.67308368485595,-1.4728386441156696e-09,2.193768728359384e-09,2458304.9641272104,2458363.905018264,5540311.0,0.0,0.0,19.899597885588577
2458682.9246991,b'r',1.973,6.2,26.106684,1.17559e-05,3.0,554.0,3.0,1.0,2.0,315.372,-19.9886,-0.978229,343.03,1.689,0.0,11.425458391094208,-0.34793174266815186,ztf_20190718424688_000554_zr_c03_o_q1_scimrefdiffimg.fits,b'ztf_20190718424688_000554_zr_c03_o_q1_diffimgpsf.fits',61.3858968653153,43.33040238293451,2.2151085091046614e-09,1.5635764554071595e-09,2458312.9458906366,2458354.9970970717,5540312.0,0.0,0.0,20.26727718383166
2458682.9875347,b'g',2.587,6.2,26.255735,2.6822e-05,3.0,554.0,3.0,1.0,1.0,315.885,-19.7843,-0.97643,342.338,1.22,0.0,14.197324311733244,1.255057692527771,ztf_20190718487535_000554_zg_c03_o_q1_scimrefdiffimg.fits,b'ztf_20190718487535_000554_zg_c03_o_q1_diffimgpsf.fits',-21.838416677607285,59.15025381996308,-6.869531955064436e-10,1.8606411114041882e-09,2458304.9641272104,2458363.905018264,5540311.0,0.0,0.0,20.078418457686627
2458683.9548495,b'r',2.09,6.2,26.143506,8.8722e-06,3.0,554.0,3.0,1.0,2.0,328.008,-17.0065,-0.940092,331.665,1.386,0.0,10.512778615140915,-0.18395185470581055,ztf_20190719454838_000554_zr_c03_o_q1_scimrefdiffimg.fits,b'ztf_20190719454838_000554_zr_c03_o_q1_diffimgpsf.fits',46.245029794354735,40.73210607054721,1.6131050974727435e-09,1.4208049649488767e-09,2458312.9458906366,2458354.9970970717,5540312.0,0.0,0.0,20.37123882400316
2458683.9787269,b'g',2.548,6.2,25.577953,0.0008897443,3.0,554.0,3.0,1.0,1.0,328.186,-16.9174,-0.939016,331.406,1.248,0.0,14.0807848072052,2.074397563934326,ztf_20190719478715_000554_zg_c03_o_q1_scimrefdiffimg.fits,b'ztf_20190719478715_000554_zg_c03_o_q1_diffimgpsf.fits',-23.834861564107392,61.51447038640804,-1.3996886270751428e-09,3.6124023086619864e-09,2458304.9641272104,2458363.905018264,5540311.0,0.0,0.0,19.358084711258964
2458684.9335764,b'g',2.498,6.2,26.179446,2.43031e-05,3.0,554.0,3.0,1.0,1.0,339.759,-13.5369,-0.888411,320.971,1.536,0.0,11.63136050901413,-0.32390034198760986,ztf_20190720433576_000554_zg_c03_o_q1_scimrefdiffimg.fits,b'ztf_20190720433576_000554_zg_c03_o_q1_diffimgpsf.fits',43.541501720930135,55.17146882826264,1.4693491413926971e-09,1.8618133771408905e-09,2458304.9641272104,2458363.905018264,5540311.0,0.0,0.0,20.077734623190906
2458684.9930903,b'r',2.091,6.2,26.145203,1.32668e-05,3.0,554.0,3.0,1.0,2.0,340.165,-13.3003,-0.884812,320.32,1.177,0.0,11.972344171142577,0.3554232120513916,ztf_20190720493090_000554_zr_c03_o_q1_scimrefdiffimg.fits,b'ztf_20190720493090_000554_zr_c03_o_q1_diffimgpsf.fits',30.99845421568523,51.75048607840559,1.0795899614672162e-09,1.8023255251393216e-09,2458312.9458906366,2458354.9970970717,5540312.0,0.0,0.0,20.112991905732255
2458685.9459375,b'r',1.677,6.2,26.130152,1.03331e-05,3.0,554.0,3.0,1.0,2.0,351.323,-9.45456,-0.821232,309.976,1.41,0.0,9.224403095626831,0.3850114345550537,ztf_20190721445938_000554_zr_c03_o_q1_scimrefdiffimg.fits,b'ztf_20190721445938_000554_zr_c03_o_q1_diffimgpsf.fits',13.065788767226692,32.44416176511173,4.6139707045661105e-10,1.1457127815736383e-09,2458312.9458906366,2458354.9970970717,5540312.0,0.0,0.0,20.604885593885086
2458685.9824421,b'g',2.065,6.2,26.26533,1.67911e-05,3.0,554.0,3.0,1.0,1.0,351.56,-9.30136,-0.818606,309.584,1.207,0.0,10.283200570726395,1.021104335784912,ztf_20190721482431_000554_zg_c03_o_q1_scimrefdiffimg.fits,b'ztf_20190721482431_000554_zg_c03_o_q1_diffimgpsf.fits',-44.90423209659018,39.387215565836,-1.4000878085872856e-09,1.2280704459632726e-09,2458304.9641272104,2458363.905018264,5540311.0,0.0,0.0,20.52951678913484
2458686.923912,b'r',1.808,6.2,24.665214,0.0013588826,3.0,554.0,3.0,1.0,2.0,2.38137,-5.18726,-0.745245,299.373,1.577,0.0,27.079206104660035,-1.8858762979507446,ztf_20190722423912_000554_zr_c03_o_q1_scimrefdiffimg.fits,b'ztf_20190722423912_000554_zr_c03_o_q1_diffimgpsf.fits',-42.02442186850324,96.19523678225934,-5.720264985964279e-09,1.3093870244231192e-08,2458312.9458906366,2458354.9970970717,5540312.0,0.0,0.0,17.95990490691557
2458686.9905093,b'g',2.525,6.2,26.225144,2.77238e-05,3.0,554.0,3.0,1.0,1.0,2.81493,-4.89619,-0.739694,298.645,1.166,0.0,11.85164989056587,0.04475855827331543,ztf_20190722490498_000554_zg_c03_o_q1_scimrefdiffimg.fits,b'ztf_20190722490498_000554_zg_c03_o_q1_diffimgpsf.fits',-17.639580652065632,48.50309760840877,-5.707299406857858e-10,1.5693213216537543e-09,2458304.9641272104,2458363.905018264,5540311.0,0.0,0.0,20.263295300788883
